[
    {
        "_id": "6146b1aa132ead9f5f1c2512",
        "name": "Hester Cooley",
        "gender": "male",
        "company": "FANGOLD",
        "price": 51,
        "email": "hestercooley@fangold.com",
        "phone": "+1 (829) 543-3642"
    },
    {
        "_id": "6146b1aaca4458d94e96f367",
        "name": "Raquel Donovan",
        "gender": "female",
        "company": "GEEKOSIS",
        "price": 64,
        "email": "raqueldonovan@geekosis.com",
        "phone": "+1 (867) 516-3043"
    },
    {
        "_id": "6146b1aa2ab0dc5e195d8749",
        "name": "Elise Montgomery",
        "gender": "female",
        "company": "EQUITAX",
        "price": 86,
        "email": "elisemontgomery@equitax.com",
        "phone": "+1 (959) 411-3738"
    },
    {
        "_id": "6146b1aa147c8d5268eb06a8",
        "name": "Jessie Tucker",
        "gender": "female",
        "company": "UPDAT",
        "price": 97,
        "email": "jessietucker@updat.com",
        "phone": "+1 (941) 550-2815"
    },
    {
        "_id": "6146b1aa06435a1d5d5f84a5",
        "name": "Cantrell Mcleod",
        "gender": "male",
        "company": "ZANYMAX",
        "price": 56,
        "email": "cantrellmcleod@zanymax.com",
        "phone": "+1 (945) 599-3410"
    },
    {
        "_id": "6146b1aad4e943d8f0862d8e",
        "name": "Deanna Smith",
        "gender": "female",
        "company": "KEEG",
        "price": 51,
        "email": "deannasmith@keeg.com",
        "phone": "+1 (802) 509-2841"
    },
    {
        "_id": "6146b1aa328e6c7b994c428d",
        "name": "Cecilia Drake",
        "gender": "female",
        "company": "ASSISTIX",
        "price": 54,
        "email": "ceciliadrake@assistix.com",
        "phone": "+1 (886) 543-2436"
    },
    {
        "_id": "6146b1aae5ee376d687bb725",
        "name": "Weiss Powell",
        "gender": "male",
        "company": "EXOSIS",
        "price": 64,
        "email": "weisspowell@exosis.com",
        "phone": "+1 (891) 504-3189"
    },
    {
        "_id": "6146b1aa05280bb64a707514",
        "name": "Dorothy Rivera",
        "gender": "female",
        "company": "GEEKOLA",
        "price": 94,
        "email": "dorothyrivera@geekola.com",
        "phone": "+1 (878) 492-2982"
    },
    {
        "_id": "6146b1aaff3d1d6471c780e7",
        "name": "Reyna Clemons",
        "gender": "female",
        "company": "MANTRIX",
        "price": 76,
        "email": "reynaclemons@mantrix.com",
        "phone": "+1 (888) 509-3936"
    },
    {
        "_id": "6146b1aafd4f39cdd2c58901",
        "name": "Greene Vargas",
        "gender": "male",
        "company": "QUIZMO",
        "price": 76,
        "email": "greenevargas@quizmo.com",
        "phone": "+1 (935) 481-2746"
    },
    {
        "_id": "6146b1aa73c512226fcf3538",
        "name": "Angelia Guzman",
        "gender": "female",
        "company": "MEMORA",
        "price": 87,
        "email": "angeliaguzman@memora.com",
        "phone": "+1 (854) 411-3918"
    },
    {
        "_id": "6146b1aa04e88c0288584f89",
        "name": "Margarita Molina",
        "gender": "female",
        "company": "MACRONAUT",
        "price": 98,
        "email": "margaritamolina@macronaut.com",
        "phone": "+1 (975) 505-2552"
    },
    {
        "_id": "6146b1aac55a0964ef3e9ede",
        "name": "Mcgowan Orr",
        "gender": "male",
        "company": "ISONUS",
        "price": 79,
        "email": "mcgowanorr@isonus.com",
        "phone": "+1 (952) 526-2812"
    },
    {
        "_id": "6146b1aad0c7842736f51d5c",
        "name": "Romero Pitts",
        "gender": "male",
        "company": "DIGIQUE",
        "price": 93,
        "email": "romeropitts@digique.com",
        "phone": "+1 (921) 474-2415"
    }
]